"Title","CategoryName","AttestationID"
"VueDapp","Arb - Tool","14833"
"Osmium","Arb - Tool","14854"
"Pairwise","Arb - New Protocol","14929"
"stateborn - hybrid off-chain","Arb - New Protocol","15015"
"InBest Program","Arb - DAO Contribution","14666"
"Biteye","Arb - Community Growth","15212"
"Treasury & Sustainability Working Group","Arb - DAO Contribution","14496"
"Trusted Labs","Arb - Tool","14503"
"Open Source Observer","Arb - Data & Analytics","14510"
"Helka Gaming","Arb - Data & Analytics","14540"
"Open Block Labs","Arb - Tool","14547"
"Andy","Arb - DAO Contribution","14657"
"Arbitrum Cipher Sessions","Arb - DAO Contribution","14768"
"Diana Chen","Arb - Community Growth","14576"
"thinkDecade","Arb - DAO Contribution","14612"
"thinkDecade","Arb - DAO Contribution","14612"
"Raho","Arb - DAO Contribution","14639"
"DAO Masons","Arb - Tool","14566"
"Blockscience","Arb - Education","14557"
"Larva","Arb - DAO Contribution","14650"
"Atomist","Arb - DAO Contribution","14618"
"GMX","Arb - Protocol","15303"
"GMX","STIP","15303"
"Karma - GAP","Arb - Tool","14434"
"DeFi Teddy","Arb - DAO Contribution","14616"
"Migi","Arb - Tool","14451"
"0xRamen","Arb - DAO Contribution","14630"
"Francescoweb3","Arb - DAO Contribution","14622"
"Voting Power","Arb - DAO Contribution","14680"
"limes.eth","Arb - DAO Contribution","14710"
"Carl Zielinski | Princeton Blockchain Club","Arb - DAO Contribution","14736"
"0xngmi","Arb - DAO Contribution","14756"
"Arbitrum STIP Stream Tracker","Arb - DAO Contribution","14689"
"ArbitrumDAO delegates","Arb - DAO Contribution","14695"
"Burns","Arb - DAO Contribution","14696"
"0xidm's DAO governance analysis and AIP","Arb - DAO Contribution","14781"
"Arbitrum Thailand","Arb - DAO Contribution","14716"
"Taylor Pedde","Arb - DAO Contribution","14728"
"Nathan VDH","Arb - DAO Contribution","14746"
"Arbitrum EcofuseAI","Arb - Tool","14791"
"Arbitrum votable supply tracker","Arb - DAO Contribution","14775"
"WELLDONE","Arb - Tool","14804"
"Blocknative","Arb - Tool","14814"
"Rantom","Arb - Tool","14825"
"DexKit","Arb - Tool","14843"
"Giveth","Arb - New Protocol","14910"
"RentFun","Arb - New Protocol","14902"
"Unitap","Arb - New Protocol","14933"
"AikiCloud","Arb - New Protocol","14946"
"Mempools","Arb - New Protocol","14960"
"Dasy","Arb - Tool","14861"
"1W3","Arb - Tool","14871"
"solidity-analyzer","Arb - Tool","14881"
"Punk Domains","Arb - New Protocol","14895"
"Fiat24","Arb - New Protocol","14937"
"EthereansOS","Arb - New Protocol","14917"
"Inverter Network","Arb - New Protocol","15003"
"GiveStation","Arb - New Protocol","14977"
"Pulsar Protocol","Arb - New Protocol","14966"
"The Forus","Arb - New Protocol","14988"
"Torque","Arb - New Protocol","14999"
"Dininho Fun World","Arb - Gaming","15043"
"MEEET","Arb - Gaming","15053"
"SpaceCatch","Arb - Gaming","15075"
"KeplerHomes","Arb - Gaming","15085"
"Camelot","Arb - Protocol","15300"
"Camelot","STIP","15300"
"All Weather Protocol","Arb - New Protocol","15023"
"Stumble upon Rumble","Arb - Gaming","15031"
"Arbibots","Arb - Gaming","15065"
"Satoshi Treasure","Arb - Gaming","15112"
"Thunder Chat","Arb - Community Growth","15188"
"Ethereum News Podcast","Arb - Education","15198"
"Fractal Visions","Arb - Gaming","15091"
"Vertex","Arb - Protocol","15319"
"Vertex","STIP","15319"
"Smart Aliens","Arb - Gaming","15116"
"Ethereum Mexico","Arb - Community Growth","15137"
"Smithonia","Arb - Gaming","15103"
"Monkey Empire","Arb - Gaming","15128"
"BanklessDAO","Arb - Education","15156"
"ArbitrumNews DAO","Arb - Community Growth","15146"
"ArbiSocks","Arb - Community Growth","15168"
"Arbitrum Africa","Arb - Education","15178"
"PLAY2LEARN","Arb - Education","15259"
"PLAY2LEARN GAMES","Arb - Education","15259"
"growthepie.xyz ü•ßüìè","Arb - Community Growth","15225"
"L2 en Espa√±ol","Arb - Education","15240"
"MUX Protocol","Arb - Protocol","15313"
"MUX Protocol","STIP","15313"
"Socket Protocol","Arb - Protocol","15411"
"Socket Protocol","STIP","15411"
"Solow","Arb - Education","15229"
"Patrick Collins","Arb - Education","15251"
"Radiant","Arb - Protocol","15333"
"Radiant","STIP","15333"
"JonesDAO","Arb - Protocol","15347"
"JonesDAO","STIP","15347"
"Pendle","Arb - Protocol","15357"
"Pendle","STIP","15357"
"Trader Joe","Arb - Tool","15366"
"Trader Joe","STIP","15366"
"Dopex","Arb - Protocol","15374"
"Dopex","STIP","15374"
"Abracadabra (SPELL)","Arb - Protocol","15390"
"Abracadabra (SPELL)","STIP","15390"
"KyberSwap","Arb - Protocol","15401"
"KyberSwap","STIP","15401"
"Silo Finance","Arb - Protocol","15425"
"Silo Finance","STIP","15425"
"Lodestar Finance","STIP","15446"
"Lodestar Finance","Arb - Protocol","15446"
"Premia","Arb - Protocol","15434"
"Premia","STIP","15434"
"Gamma","Arb - Protocol","15457"
"Gamma","STIP","15457"
"Rysk","STIP","15554"
"Rysk","Arb - Protocol","15554"
"OpenOcean","Arb - Tool","15567"
"OpenOcean","STIP","15567"
"Umami Finance","Arb - Protocol","15474"
"Umami Finance","STIP","15474"
"Angle Protocol","STIP","15529"
"Angle Protocol","Arb - Protocol","15529"
"Timeswap","STIP","15588"
"Timeswap","Arb - Protocol","15588"
"Galxe","STIP","15543"
"Galxe","Arb - Tool","15543"
"WINR Protocol","Arb - Protocol","15578"
"WINR Protocol","STIP","15578"
"Saavy","Arb - Protocol","15593"
"Saavy","STIP","15593"
"Tally","Arb - Tool","15601"
"Tally","STIP","15601"
"One Click Crypto","Arb - New Protocol","15647"
"Good Entry","Arb - Tool","15611"
"Good Entry","STIP","15611"
"Stella","Arb - Tool","15615"
"Stella","STIP","15615"
"Clique","Arb - New Protocol","15713"
"Mountain Protocol","Arb - New Protocol","15656"
"Sweep n' Flip | NFT DEX","Arb - New Protocol","15653"
"Build3rs Labs","Arb - New Protocol","15665"
"Spire","Arb - Gaming","15756"
"Smilee LP & IG Simulator with IL Hedge","Arb - New Protocol","15672"
"Critonopix","Arb - New Protocol","15689"
"Amelia","Arb - New Protocol","15680"
"Gaming Chronicles","Arb - Gaming","15746"
"etherSource","Arb - Gaming","15764"
"Smithonia","Arb - Gaming","15781"
"FPS","Arb - Gaming","15788"
"Pear Protocol","Arb - New Protocol","15703"
"Gaming Startup Collective","Arb - Gaming","15716"
"LLC Game","Arb - Gaming","15724"
"Kaiju Cards","Arb - Gaming","15736"
"Gold Inc","Arb - Gaming","15769"
"Chess.fish","Arb - Gaming","15794"
"Layer3","Arb - Community Growth","15800"
"Layer3","Arb - Education","15800"
"Arbitrum Arabic","Arb - Community Growth","15810"
"Arbitrum Arabic","Arb - Education","15810"
"Arbitrum Aeternum Program","Arb - Community Growth","15816"
"Arbitrum Aeternum Program","Arb - Education","15816"
"Reclaim Protocol","Arb - Tool","15932"
"Bonadocs","Arb - Tool","15940"
"MetricsDAO","Arb - Community Growth","15842"
"MetricsDAO","Arb - Education","15842"
"Onboarding of new developers","Arb - Community Growth","15847"
"Onboarding of new developers","Arb - Education","15847"
"Arbitrum Python SDK","Arb - Tool","15884"
"Bytekode","Arb - Tool","15919"
"Blockchain Innovation Hub","Arb - Education","15837"
"Blockchain Innovation Hub","Arb - Community Growth","15837"
"Arbitrum Academy","Arb - Education","15857"
"Arbitrum Academy","Arb - Community Growth","15857"
"Arbitrum STIP Virtual Event Marathon","Arb - Education","15824"
"Arbitrum STIP Virtual Event Marathon","Arb - Community Growth","15824"
"DeFi Africa - Web3 BUIDL Workshops","Arb - Community Growth","15876"
"DeFi Africa - Web3 BUIDL Workshops","Arb - Education","15876"
"JiffyScan","Arb - Tool","15893"
"DeFi Teller","Arb - Tool","15901"
"Espacio Cripto","Arb - Tool","15911"
"Ethereum Mexico 2023","Arb - Education","15867"
"Ethereum Mexico 2023","Arb - Community Growth","15867"
"Coini Technologies","Arb - Tool","15947"
"Laika","Arb - Tool","15961"
"ShapeShift","Arb - Tool","15956"
"Burns","Arb - Tool","15993"
"Web3 Citizen","JR","16225"
"Oasis Onchain","JR","16243"
"Into the Dungeons-Machinata","JR","16281"
"WEB3BEACH","JR","16232"
"RadDream","JR","16253"
"Beningin","JR","16263"
"Smol Age","JR","16269"
"Play2Learn Games","JR","16273"