Title,UniqueReviews
Karma - GAP,2080
Migi,13
Open Source Observer,1443
Helka Gaming,4
thinkDecade,1
thinkDecade,1
Raho,1
Voting Power,3
Burns,1184
0xngmi,1
Arbitrum Cipher Sessions,1
Arbitrum votable supply tracker,4
0xidm's DAO governance analysis and AIP,3
Pulsar Protocol,1
PLAY2LEARN,1
PLAY2LEARN GAMES,1
GMX,1
Pendle,1
Socket Protocol,1
Silo Finance,1
Gamma,2
Umami Finance,3
Angle Protocol,2
Galxe,1
Rysk,1
OpenOcean,2
WINR Protocol,1
Timeswap,4
Saavy,1
Tally,1
Good Entry,1
Stella,1
One Click Crypto,1
Sweep n' Flip | NFT DEX,2
Mountain Protocol,3
Build3rs Labs,2
Smilee LP & IG Simulator with IL Hedge,1
Amelia,2
Critonopix,3
Pear Protocol,4
Clique,15
Gaming Startup Collective,2
LLC Game,2
Kaiju Cards,5
Gaming Chronicles,3
Spire,3
etherSource,5
Gold Inc,5
Smithonia,5
FPS,5
Chess.fish,10
Layer3,7
Arbitrum Arabic,3
Arbitrum Aeternum Program,1
Arbitrum STIP Virtual Event Marathon,4
Blockchain Innovation Hub,2
MetricsDAO,5
Onboarding of new developers,1
Arbitrum Academy,6
Ethereum Mexico 2023,8
DeFi Africa - Web3 BUIDL Workshops,6
Arbitrum Python SDK,3
JiffyScan,4
DeFi Teller,1
Espacio Cripto,7
Bytekode,9
Reclaim Protocol,12
Bonadocs,3
Coini Technologies,8
ShapeShift,187
Laika,23
Burns,2
